participant,period,condition,task,form,snapshot,private_passed,private_total,public_passed,public_total
P001,1,linear,tree-node-navigation,F2,snapshots/P001/linear,15,20,8,9
P001,2,contextbranch,exception-group-matcher,F1,snapshots/P001/contextbranch,12,17,8,9
P002,1,contextbranch,tree-node-navigation,F2,snapshots/P002/contextbranch,17,20,9,9
P002,2,linear,exception-group-matcher,F1,snapshots/P002/linear,12,17,8,9
P003,1,linear,exception-group-matcher,F2,snapshots/P003/linear,7,17,3,9
P003,2,contextbranch,tree-node-navigation,F2,snapshots/P003/contextbranch,13,20,5,9
P004,1,contextbranch,exception-group-matcher,F1,snapshots/P004/contextbranch,13,17,9,9
P004,2,linear,tree-node-navigation,F2,snapshots/P004/linear,16,20,8,9
P005,1,linear,tree-node-navigation,F2,snapshots/P005/linear,9,20,2,9
P005,2,contextbranch,exception-group-matcher,F1,snapshots/P005/contextbranch,9,17,6,9
P006,1,contextbranch,tree-node-navigation,F2,snapshots/P006/contextbranch,18,20,9,9
P006,2,linear,exception-group-matcher,F2,snapshots/P006/linear,14,17,9,9
P007,1,linear,exception-group-matcher,F2,snapshots/P007/linear,0,17,0,9
P007,2,contextbranch,tree-node-navigation,F2,snapshots/P007/contextbranch,17,20,9,9
P008,1,contextbranch,exception-group-matcher,F2,snapshots/P008/contextbranch,8,17,5,9
P008,2,linear,tree-node-navigation,F2,snapshots/P008/linear,11,20,8,9
P009,1,linear,tree-node-navigation,F2,snapshots/P009/linear,4,20,3,9
P009,2,contextbranch,exception-group-matcher,F1,snapshots/P009/contextbranch,9,17,5,9
P010,1,contextbranch,tree-node-navigation,F1,snapshots/P010/contextbranch,16,20,8,9
P010,2,linear,exception-group-matcher,F1,snapshots/P010/linear,12,17,8,9
P011,1,linear,exception-group-matcher,F2,snapshots/P011/linear,0,17,0,9
P011,2,contextbranch,tree-node-navigation,F1,snapshots/P011/contextbranch,13,20,5,9
P012,1,contextbranch,exception-group-matcher,F1,snapshots/P012/contextbranch,6,17,4,9
P012,2,linear,tree-node-navigation,F2,snapshots/P012/linear,11,20,9,9
P013,1,linear,tree-node-navigation,F2,snapshots/P013/linear,18,20,9,9
P013,2,contextbranch,exception-group-matcher,F2,snapshots/P013/contextbranch,3,17,1,9
P014,1,contextbranch,tree-node-navigation,F2,snapshots/P014/contextbranch,17,20,9,9
P014,2,linear,exception-group-matcher,F1,snapshots/P014/linear,9,17,5,9
P015,1,linear,exception-group-matcher,F2,snapshots/P015/linear,11,17,7,9
P015,2,contextbranch,tree-node-navigation,F2,snapshots/P015/contextbranch,17,20,9,9
P016,1,contextbranch,exception-group-matcher,F1,snapshots/P016/contextbranch,10,17,6,9
P016,2,linear,tree-node-navigation,F2,snapshots/P016/linear,16,20,9,9
P017,1,linear,tree-node-navigation,F2,snapshots/P017/linear,11,20,9,9
P017,2,contextbranch,exception-group-matcher,F1,snapshots/P017/contextbranch,0,17,0,9
P018,1,contextbranch,tree-node-navigation,F1,snapshots/P018/contextbranch,16,20,8,9
P018,2,linear,exception-group-matcher,F1,snapshots/P018/linear,0,17,0,9
P019,1,linear,exception-group-matcher,F1,snapshots/P019/linear,0,17,0,9
P019,2,contextbranch,tree-node-navigation,F1,snapshots/P019/contextbranch,11,20,4,9
P020,1,contextbranch,exception-group-matcher,F1,snapshots/P020/contextbranch,11,17,8,9
P020,2,linear,tree-node-navigation,F1,snapshots/P020/linear,18,20,9,9
P021,1,linear,tree-node-navigation,F2,snapshots/P021/linear,18,20,9,9
P021,2,contextbranch,exception-group-matcher,F1,snapshots/P021/contextbranch,13,17,9,9
P022,1,contextbranch,tree-node-navigation,F2,snapshots/P022/contextbranch,18,20,9,9
P022,2,linear,exception-group-matcher,F1,snapshots/P022/linear,11,17,7,9
P023,1,linear,exception-group-matcher,F2,snapshots/P023/linear,12,17,8,9
P023,2,contextbranch,tree-node-navigation,F2,snapshots/P023/contextbranch,17,20,9,9
P024,1,contextbranch,exception-group-matcher,F1,snapshots/P024/contextbranch,8,17,4,9
P024,2,linear,tree-node-navigation,F1,snapshots/P024/linear,16,20,9,9
P025,1,linear,tree-node-navigation,F2,snapshots/P025/linear,8,20,6,9
P025,2,contextbranch,exception-group-matcher,F1,snapshots/P025/contextbranch,17,17,9,9
P026,1,contextbranch,tree-node-navigation,F1,snapshots/P026/contextbranch,16,20,8,9
P026,2,linear,exception-group-matcher,F2,snapshots/P026/linear,10,17,4,9
P027,1,linear,exception-group-matcher,F1,snapshots/P027/linear,9,17,5,9
P027,2,contextbranch,tree-node-navigation,F1,snapshots/P027/contextbranch,17,20,9,9
P028,1,contextbranch,exception-group-matcher,F2,snapshots/P028/contextbranch,13,17,9,9
P028,2,linear,tree-node-navigation,F1,snapshots/P028/linear,18,20,9,9
P029,1,linear,tree-node-navigation,F2,snapshots/P029/linear,15,20,9,9
P029,2,contextbranch,exception-group-matcher,F2,snapshots/P029/contextbranch,12,17,9,9
P030,1,contextbranch,tree-node-navigation,F2,snapshots/P030/contextbranch,17,20,9,9
P030,2,linear,exception-group-matcher,F2,snapshots/P030/linear,11,17,8,9
P031,1,linear,exception-group-matcher,F2,snapshots/P031/linear,9,17,7,9
P031,2,contextbranch,tree-node-navigation,F1,snapshots/P031/contextbranch,17,20,9,9
P032,1,contextbranch,exception-group-matcher,F1,snapshots/P032/contextbranch,13,17,8,9
P032,2,linear,tree-node-navigation,F2,snapshots/P032/linear,10,20,9,9
P033,1,linear,tree-node-navigation,F1,snapshots/P033/linear,12,20,6,9
P033,2,contextbranch,exception-group-matcher,F1,snapshots/P033/contextbranch,13,17,9,9
P034,1,contextbranch,tree-node-navigation,F1,snapshots/P034/contextbranch,18,20,9,9
P034,2,linear,exception-group-matcher,F2,snapshots/P034/linear,11,17,6,9
P035,1,linear,exception-group-matcher,F1,snapshots/P035/linear,10,17,8,9
P035,2,contextbranch,tree-node-navigation,F2,snapshots/P035/contextbranch,14,20,6,9
P036,1,contextbranch,exception-group-matcher,F2,snapshots/P036/contextbranch,14,17,9,9
P036,2,linear,tree-node-navigation,F1,snapshots/P036/linear,13,20,6,9
