participant,period,condition,task,form,private_rate,public_rate,employment_group,python_group,weighted_total,mental_demand,physical_demand,temporal_demand,performance,effort,frustration
P001,1,linear,tree-node-navigation,F2,0.75,0.8888888888888888,Employed,Regular,62.666666666666664,80.0,10.0,65.0,25.0,15.0,90.0
P001,2,contextbranch,exception-group-matcher,F1,0.7058823529411765,0.8888888888888888,Employed,Regular,62.666666666666664,50.0,10.0,65.0,50.0,25.0,100.0
P002,1,contextbranch,tree-node-navigation,F2,0.85,1.0,Employed,Extensive,11.333333333333332,5.0,5.0,15.0,10.0,5.0,20.0
P002,2,linear,exception-group-matcher,F1,0.7058823529411765,0.8888888888888888,Employed,Extensive,57.0,60.0,65.0,60.0,65.0,35.0,75.0
P003,1,linear,exception-group-matcher,F2,0.4117647058823529,0.3333333333333333,Employed,Regular,41.333333333333336,30.0,5.0,70.0,25.0,30.0,10.0
P003,2,contextbranch,tree-node-navigation,F2,0.65,0.5555555555555556,Employed,Regular,47.0,35.0,5.0,75.0,70.0,15.0,5.0
P004,1,contextbranch,exception-group-matcher,F1,0.7647058823529411,1.0,Employed,Short_scripts,38.33333333333333,10.0,10.0,10.0,85.0,20.0,20.0
P004,2,linear,tree-node-navigation,F2,0.8,0.8888888888888888,Employed,Short_scripts,51.666666666666664,55.0,35.0,60.0,35.0,50.0,70.0
P005,1,linear,tree-node-navigation,F2,0.45,0.2222222222222222,Employed,Extensive,39.333333333333336,60.0,0.0,30.0,25.0,25.0,50.0
P005,2,contextbranch,exception-group-matcher,F1,0.5294117647058824,0.6666666666666666,Employed,Extensive,47.666666666666664,60.0,0.0,60.0,25.0,25.0,50.0
P006,1,contextbranch,tree-node-navigation,F2,0.9,1.0,Employed,Regular,61.666666666666664,10.0,60.0,80.0,35.0,80.0,80.0
P006,2,linear,exception-group-matcher,F2,0.8235294117647058,1.0,Employed,Regular,21.333333333333332,10.0,10.0,10.0,80.0,15.0,15.0
P007,1,linear,exception-group-matcher,F2,0.0,0.0,Employed,Extensive,63.666666666666664,75.0,15.0,85.0,30.0,20.0,95.0
P007,2,contextbranch,tree-node-navigation,F2,0.85,1.0,Employed,Extensive,66.33333333333333,60.0,35.0,40.0,100.0,40.0,60.0
P008,1,contextbranch,exception-group-matcher,F2,0.4705882352941176,0.5555555555555556,Not_employed,Short_scripts,48.33333333333333,70.0,20.0,70.0,25.0,25.0,80.0
P008,2,linear,tree-node-navigation,F2,0.55,0.8888888888888888,Not_employed,Short_scripts,35.0,50.0,15.0,15.0,90.0,20.0,20.0
P009,1,linear,tree-node-navigation,F2,0.2,0.3333333333333333,Not_employed,Extensive,60.0,65.0,35.0,90.0,60.0,30.0,80.0
P009,2,contextbranch,exception-group-matcher,F1,0.5294117647058824,0.5555555555555556,Not_employed,Extensive,49.166666666666664,55.0,25.0,35.0,80.0,45.0,55.0
P010,1,contextbranch,tree-node-navigation,F1,0.8,0.8888888888888888,Not_employed,Short_scripts,32.5,25.0,5.0,10.0,90.0,5.0,60.0
P010,2,linear,exception-group-matcher,F1,0.7058823529411765,0.8888888888888888,Not_employed,Short_scripts,45.83333333333333,50.0,20.0,25.0,90.0,30.0,60.0
P011,1,linear,exception-group-matcher,F2,0.0,0.0,Employed,Regular,49.666666666666664,60.0,20.0,25.0,45.0,60.0,50.0
P011,2,contextbranch,tree-node-navigation,F1,0.65,0.5555555555555556,Employed,Regular,35.33333333333333,20.0,40.0,40.0,30.0,20.0,50.0
P012,1,contextbranch,exception-group-matcher,F1,0.3529411764705882,0.4444444444444444,Not_employed,Extensive,49.16666666666666,50.0,50.0,70.0,25.0,50.0,50.0
P012,2,linear,tree-node-navigation,F2,0.55,1.0,Not_employed,Extensive,62.49999999999999,50.0,50.0,50.0,100.0,75.0,50.0
P013,1,linear,tree-node-navigation,F2,0.9,1.0,Not_employed,Short_scripts,50.0,30.0,20.0,30.0,100.0,30.0,40.0
P013,2,contextbranch,exception-group-matcher,F2,0.1764705882352941,0.1111111111111111,Not_employed,Short_scripts,56.666666666666664,70.0,25.0,100.0,10.0,20.0,40.0
P014,1,contextbranch,tree-node-navigation,F2,0.85,1.0,Not_employed,Regular,47.5,65.0,5.0,50.0,70.0,20.0,75.0
P014,2,linear,exception-group-matcher,F1,0.5294117647058824,0.5555555555555556,Not_employed,Regular,45.83333333333333,80.0,5.0,60.0,30.0,25.0,75.0
P015,1,linear,exception-group-matcher,F2,0.6470588235294118,0.7777777777777778,Not_employed,Regular,58.666666666666664,60.0,0.0,20.0,65.0,40.0,80.0
P015,2,contextbranch,tree-node-navigation,F2,0.85,1.0,Not_employed,Regular,63.33333333333333,50.0,20.0,20.0,100.0,50.0,60.0
P016,1,contextbranch,exception-group-matcher,F1,0.5882352941176471,0.6666666666666666,Not_employed,Short_scripts,55.83333333333333,70.0,50.0,75.0,30.0,40.0,70.0
P016,2,linear,tree-node-navigation,F2,0.8,1.0,Not_employed,Short_scripts,62.5,65.0,50.0,60.0,90.0,70.0,40.0
P017,1,linear,tree-node-navigation,F2,0.55,1.0,Not_employed,Short_scripts,62.49999999999999,85.0,30.0,70.0,20.0,70.0,100.0
P017,2,contextbranch,exception-group-matcher,F1,0.0,0.0,Not_employed,Short_scripts,62.5,70.0,30.0,60.0,80.0,60.0,75.0
P018,1,contextbranch,tree-node-navigation,F1,0.8,0.8888888888888888,Employed,Regular,26.666666666666664,20.0,10.0,25.0,90.0,10.0,5.0
P018,2,linear,exception-group-matcher,F1,0.0,0.0,Employed,Regular,27.5,5.0,10.0,10.0,75.0,25.0,40.0
P019,1,linear,exception-group-matcher,F1,0.0,0.0,Employed,Regular,73.0,70.0,65.0,70.0,80.0,75.0,70.0
P019,2,contextbranch,tree-node-navigation,F1,0.55,0.4444444444444444,Employed,Regular,73.33333333333333,85.0,75.0,75.0,50.0,75.0,50.0
P020,1,contextbranch,exception-group-matcher,F1,0.6470588235294118,0.8888888888888888,Not_employed,Short_scripts,87.66666666666667,90.0,0.0,95.0,60.0,95.0,90.0
P020,2,linear,tree-node-navigation,F1,0.9,1.0,Not_employed,Short_scripts,34.666666666666664,15.0,0.0,15.0,95.0,10.0,5.0
P021,1,linear,tree-node-navigation,F2,0.9,1.0,Employed,Short_scripts,30.333333333333332,10.0,30.0,0.0,85.0,10.0,5.0
P021,2,contextbranch,exception-group-matcher,F1,0.7647058823529411,1.0,Employed,Short_scripts,61.333333333333336,60.0,80.0,85.0,40.0,30.0,70.0
P022,1,contextbranch,tree-node-navigation,F2,0.9,1.0,Employed,Regular,17.666666666666668,5.0,0.0,5.0,100.0,5.0,5.0
P022,2,linear,exception-group-matcher,F1,0.6470588235294118,0.7777777777777778,Employed,Regular,88.0,90.0,50.0,65.0,80.0,95.0,90.0
P023,1,linear,exception-group-matcher,F2,0.7058823529411765,0.8888888888888888,Not_employed,Short_scripts,29.0,20.0,5.0,30.0,80.0,5.0,15.0
P023,2,contextbranch,tree-node-navigation,F2,0.85,1.0,Not_employed,Short_scripts,49.0,10.0,5.0,35.0,100.0,25.0,80.0
P024,1,contextbranch,exception-group-matcher,F1,0.4705882352941176,0.4444444444444444,Employed,Regular,84.0,100.0,50.0,100.0,10.0,50.0,100.0
P024,2,linear,tree-node-navigation,F1,0.8,1.0,Employed,Regular,96.0,100.0,50.0,100.0,25.0,95.0,100.0
P025,1,linear,tree-node-navigation,F2,0.4,0.6666666666666666,Employed,Regular,78.0,85.0,70.0,90.0,70.0,90.0,60.0
P025,2,contextbranch,exception-group-matcher,F1,1.0,1.0,Employed,Regular,58.33333333333333,65.0,60.0,55.0,75.0,65.0,30.0
P026,1,contextbranch,tree-node-navigation,F1,0.8,0.8888888888888888,Employed,Regular,62.666666666666664,50.0,80.0,90.0,45.0,70.0,55.0
P026,2,linear,exception-group-matcher,F2,0.5882352941176471,0.4444444444444444,Employed,Regular,76.33333333333333,80.0,90.0,85.0,75.0,90.0,60.0
P027,1,linear,exception-group-matcher,F1,0.5294117647058824,0.5555555555555556,Employed,Regular,93.0,90.0,95.0,80.0,95.0,95.0,100.0
P027,2,contextbranch,tree-node-navigation,F1,0.85,1.0,Employed,Regular,38.666666666666664,45.0,35.0,40.0,20.0,30.0,65.0
P028,1,contextbranch,exception-group-matcher,F2,0.7647058823529411,1.0,Employed,Regular,48.666666666666664,60.0,40.0,50.0,45.0,50.0,55.0
P028,2,linear,tree-node-navigation,F1,0.9,1.0,Employed,Regular,59.666666666666664,65.0,65.0,65.0,55.0,65.0,50.0
P029,1,linear,tree-node-navigation,F2,0.75,1.0,Not_employed,Short_scripts,28.333333333333336,15.0,0.0,5.0,100.0,20.0,25.0
P029,2,contextbranch,exception-group-matcher,F2,0.7058823529411765,1.0,Not_employed,Short_scripts,30.0,20.0,0.0,20.0,100.0,25.0,15.0
P030,1,contextbranch,tree-node-navigation,F2,0.85,1.0,Employed,Regular,27.0,20.0,25.0,25.0,15.0,30.0,55.0
P030,2,linear,exception-group-matcher,F2,0.6470588235294118,0.8888888888888888,Employed,Regular,60.666666666666664,80.0,60.0,30.0,60.0,70.0,25.0
P031,1,linear,exception-group-matcher,F2,0.5294117647058824,0.7777777777777778,Employed,Regular,76.66666666666667,80.0,60.0,70.0,90.0,60.0,100.0
P031,2,contextbranch,tree-node-navigation,F1,0.85,1.0,Employed,Regular,39.0,30.0,35.0,25.0,20.0,45.0,55.0
P032,1,contextbranch,exception-group-matcher,F1,0.7647058823529411,0.8888888888888888,Employed,Regular,44.333333333333336,70.0,60.0,15.0,50.0,20.0,70.0
P032,2,linear,tree-node-navigation,F2,0.5,1.0,Employed,Regular,43.333333333333336,65.0,30.0,15.0,60.0,40.0,35.0
P033,1,linear,tree-node-navigation,F1,0.6,0.6666666666666666,Not_employed,Short_scripts,28.666666666666668,40.0,20.0,30.0,20.0,35.0,10.0
P033,2,contextbranch,exception-group-matcher,F1,0.7647058823529411,1.0,Not_employed,Short_scripts,20.0,15.0,25.0,15.0,25.0,5.0,30.0
P034,1,contextbranch,tree-node-navigation,F1,0.9,1.0,Not_employed,Regular,19.0,15.0,15.0,25.0,15.0,15.0,25.0
P034,2,linear,exception-group-matcher,F2,0.6470588235294118,0.6666666666666666,Not_employed,Regular,31.333333333333332,25.0,25.0,35.0,30.0,40.0,30.0
P035,1,linear,exception-group-matcher,F1,0.5882352941176471,0.8888888888888888,Not_employed,Short_scripts,36.333333333333336,40.0,35.0,30.0,40.0,35.0,45.0
P035,2,contextbranch,tree-node-navigation,F2,0.7,0.6666666666666666,Not_employed,Short_scripts,42.0,40.0,50.0,25.0,55.0,40.0,50.0
P036,1,contextbranch,exception-group-matcher,F2,0.8235294117647058,1.0,Not_employed,Short_scripts,44.0,40.0,35.0,50.0,35.0,50.0,50.0
P036,2,linear,tree-node-navigation,F1,0.65,0.6666666666666666,Not_employed,Short_scripts,56.333333333333336,45.0,40.0,95.0,95.0,20.0,55.0
