id,label,participant,boundary,status
C01,Fewer tests in each GitChat branch make problems easier to track,P010,Describes the ease of tracking a smaller set of branch tests; does not establish increased efficiency.,Researcher confirmed
C02,Mapping failed tests to code requires additional understanding in Linear,P010,Describes the effort involved in identifying the relationship between tests and code.,Researcher confirmed
C03,Branching is more suitable for complex tasks,P010,A judgment about suitable use conditions; the meaning of complexity depends on the context.,Researcher confirmed
C04,Linear is sufficient for small tasks,P010,Expresses that Linear meets the needs of small tasks; does not claim better measured performance.,Researcher confirmed
C05,Using test results to check AI claims of completion,P010,Compares test results with the assistant's claims about completed work.,Researcher confirmed
C06,Organizing implementation requests around task items,P010,Uses task items to structure requests; does not require a separate branch for each item.,Researcher confirmed
C07,Asking AI to examine failing tests,P010,Requests analysis of failures; the assistant could not run tests itself in this study.,Researcher confirmed
C08,AI changes exceed the participant's requested scope,P010,A participant report of changes beyond the request; code behavior requires separate examination.,Researcher confirmed
C09,Attributing changes beyond the requested scope to AI misreading context,P010,"Records the participant's explanation, rather than evidence establishing the mechanism.",Researcher confirmed
C10,Perceiving too much task content for the model to understand in Linear,P010,A judgment about the amount of content; does not establish insufficient context-window capacity.,Researcher confirmed
C11,Requesting a single test to narrow the problem being addressed,P010,Requests an individual test to reduce the scope of the current work.,Researcher confirmed
C12,Scrolling and locating content add interaction effort in Linear,P010,Describes difficulty locating content in the interface.,Researcher confirmed
C13,Unfamiliarity with the task language makes code harder to handle,P010,The participant relates difficulty to programming-language experience.,Researcher confirmed
C14,Endorsing preservation of a previously correct state after a moderator prompt,P010,An endorsement of a hypothetical capability after prompting; does not establish actual use or successful recovery.,Researcher confirmed
C15,"Difficulty separating personal, tool, and model performance when rating the task",P010,A question about what the questionnaire measures; retains the context of moderator guidance.,Researcher confirmed
C16,Asking whether passing all tests means implementation is complete,P010,Seeks clarification of the relationship between passing tests and completion; retains its status as a question.,Researcher confirmed
C17,Using a Git analogy to understand the relationship between conversation branches and code,P019,The participant expresses an understanding through Git after the moderator's introduction; does not establish complete understanding of the mechanisms.,Researcher confirmed
C18,Reconsidering whether to test before proceeding after encountering difficulty,P019,"Reflection on the order of actions; the referent of ""the second"" is unclear and may concern the expected study procedure.",Researcher confirmed
C19,Perceiving overlap between subtasks that prevents fully independent work,P019,The participant's understanding of the task. The moderator subsequently disputes the overlap; actual dependencies require examination of code and task materials.,Researcher confirmed
C20,Treating tests after integration as necessary for assessing the overall result,P019,"The transcript term ""command"" is uncertain and is interpreted in context as testing after a merge. The account may also concern the roles of branch and overall tests.",Researcher confirmed
C21,Wanting AI to explain in natural language what it actually did,P019,An explicit request for feedback; this could mean a change summary or a fuller account of the process.,Researcher confirmed
C22,Wanting precise feedback on the location of a problem,P019,"Requests information about where a problem lies; does not distinguish error explanations, causes of failure, and code locations.",Researcher confirmed
C23,Expecting a narrower context to help a small model handle the task,P019,"A recalled initial expectation following the moderator's explanation of the design. The researcher corrected the transcript term ""contact"" to ""context""; quotations using this correction should identify it. Does not establish an effect.",Researcher confirmed
C24,Using code simplicity as a reason to accept an implementation,P021,"After tests passed in Linear, the participant accepted code that appeared concise. This is an inspection impression, rather than a complete code review.",Researcher confirmed
C25,Reflecting on insufficient code analysis,P021,A reflection while completing the questionnaire; can coexist with considering the code acceptable on initial inspection.,Researcher confirmed
C26,Clarifying branch order and the role of main,P021,A question about organizing work after the tool introduction; identifies a workflow clarification rather than establishing interface difficulty.,Researcher confirmed
C27,Perceiving model performance as affecting the tool experience,P021,"Expressed after asking whether retained comments were a model or tool issue. Unlike C15, this code explicitly links the two rather than expressing difficulty separating rating targets.",Researcher confirmed
C28,Copying and pasting individual feedback items adds interaction time,P021,"A workload reflection after the branching task, concerning the effort of providing feedback to AI item by item; does not quantify elapsed time.",Researcher confirmed
C29,Believing that resolving errors requires more personal involvement,P021,"Reflection on personal involvement without specifying whether this means more code reading, prompt revision, or manual editing.",Researcher confirmed
C30,Valuing separate branches and merging,P021,An evaluation following the moderator's explanation of complex tasks and decomposition; satisfaction is expressed again later.,Researcher confirmed
C31,Proposing a separate branch for each failing test,P021,A future-use proposal prompted by discussion of larger projects and multiple failures; not performed in the study session.,Researcher confirmed
C32,Expecting branches to support parallel work,P021,Endorses a possibility also mentioned by the moderator; does not establish an observed benefit from parallel work.,Researcher confirmed
C33,Reading error logs and model output adds effort,P021,"Mentions reading when discussing constraints on the experience; does not specify whether the effort comes from length, difficulty, or repeated reading.",Researcher confirmed
C34,Not noticing the context retention described for merging,P014,"A response to the moderator's explanation, describing how noticeable the capability was; does not establish its actual operation.",Researcher confirmed
C35,Finding branch switching by clicking easier than entering commands,P014,An evaluation of a specific interaction; does not generalize to all operations.,Researcher confirmed
C36,Preferring to divide a task into parts and handle them separately,P014,"An explicit organizational preference that emphasizes avoiding two tasks at once, rather than expecting parallel work.",Researcher confirmed
C37,Difficulty identifying which task part caused a failure when handling several parts together,P014,"Related to C02, but concerns task parts without explicitly mapping tests to code; retained as a separate code.",Researcher confirmed
C38,Wanting to select files for inclusion in a commit,P014,Uses an existing Git practice to express a need for commit control. The participant later reports not seeing this capability; does not establish that all files were actually committed.,Researcher confirmed
C39,Passing tests without understanding what went wrong earlier,P014,Distinguishes passing feedback from understanding the cause; does not identify whether the missing understanding concerns code or tool operation.,Researcher confirmed
C40,Reading the task first to form an independent understanding,P003,Proposed at the start of the Linear task; describes a task-understanding strategy rather than interface clarity.,Researcher confirmed
C41,Clarifying whether AI can edit code and run tests directly,P003,Two questions about the assistant's capabilities. The moderator explains that test feedback must be copied and pasted; the questions do not imply satisfaction or dissatisfaction.,Researcher confirmed
C42,Planning to address failing tests one at a time,P003,A proposed next step near the Linear task deadline; does not establish execution or effectiveness.,Researcher confirmed
C43,Interpreting implementation mainly performed by AI as requiring little personal effort,P003,A subjective questionnaire interpretation; the moderator subsequently notes that understanding the task and composing prompts also require effort. Not a measure of objective workload.,Researcher confirmed
C44,Asking whether a branch needs the full task description,P003,A question about adding global information to a branch-specific description. The explanation of inheritance from main and visibility between branches comes from the moderator.,Researcher confirmed
C45,Wanting to integrate branch work after time has expired,P003,Repeated integration requests after the deadline; records an unfinished intention rather than establishing loss of work.,Researcher confirmed
C46,Wanting to design branches according to task needs,P003,"A proposed way to organize future work; unlike branching by failed test, the participant does not specify a single basis for division.",Researcher confirmed
C47,Questioning whether a long conversation retains the original task goal,P003,"A question about context and goal retention, followed by a question about whether the task description remains attached; not an observed loss of the goal.",Researcher confirmed
C48,Reading code to check and revise personal judgments,P001/P011,"The participant updates personal understanding while inspecting code, rather than only checking AI; does not replace correctness evaluation.",Researcher confirmed
C49,Asking AI to stay within scope and avoid unrequested output,P001/P011,"Concerns output control, including extra tests and comments; related to C08 but not limited to code edits beyond scope.",Researcher confirmed
C50,Wanting to bring updates from main into an existing branch,P001/P011,An explicit need for updates across branches. The subsequent answer is uncertain and does not establish whether the capability is available.,Researcher confirmed
C51,Preferring Linear in this session because branching adds complexity without perceived efficiency gains,P008,An explicit assessment of the experience; not a measured efficiency difference.,Researcher confirmed
C52,Valuing consistency with Git workflows for larger projects,P008,"A judgment about future use, following moderator questioning and assuming a better model; not a benefit observed in this task.",Researcher confirmed
C53,Preferring a simpler Linear workflow for personal projects,P008,"Personal projects are not necessarily small tasks, so this remains separate from C04.",Researcher confirmed
C54,Reconsidering whether providing the whole task at once would be better after incremental work stalls,P009,A reflection on the first task; the moderator had also suggested providing the full content. Does not support a general claim that finer decomposition is better.,Researcher confirmed
C55,Improved overall test results do not establish that the targeted problem is fixed,P009,Distinguishes aggregate passing results from resolution of a specific issue; reported changes require separate log examination.,Researcher confirmed
C56,Difficulty identifying the current state when comparing branch and main results,P009,Repeated switching and testing precede the account; concerns understanding the state rather than establishing lost integration or a code regression.,Researcher confirmed
C57,Distinguishing earlier changes from changes currently awaiting approval,P004,Concerns what is being reviewed and when.,Researcher confirmed
C58,Not knowing which coding examples to provide to AI for the current task,P012,Retains the context of expected output. The researcher revised the code to focus on uncertainty about coding examples rather than general task misunderstanding.,Researcher confirmed
C59,Perceiving the study task as too small to show a difference from branching,P012,Explains the judgment through the small number of methods or classes; does not establish equal objective effects of the tools.,Researcher confirmed
C60,Wanting subsequent tasks to access information needed from earlier implementation work,P016,"Follows discussion of shared files in real tasks. Related to P019's perceived task overlap, but focuses on access to information across tasks.",Researcher confirmed
C61,Considering branching potentially useful for models with small context windows,P016,"A proposed use condition; the researcher revised the code to ""potentially useful,"" rather than treating it as the only suitable condition.",Researcher confirmed
C62,Finding Parts A and B less overwhelming than the full set of failing tests,P017,"An explicit subjective experience, related to C01 but focused on perceived mental burden.",Researcher confirmed
C63,Believing separate contexts for different files can reduce repeated errors,P017,"The participant's explanation of tool differences; the transcript term ""contacts"" is retained in the original material. Does not establish an internal model mechanism.",Researcher confirmed
C64,Choosing Linear or branching according to whether a task involves one or several files,P017,"Refers to Linear for the first case and branching for the second. The basis is file organization, not necessarily task complexity.",Researcher confirmed
